organization,project_id,location,location_id,location_buffer_m,longitude,latitude,equipment_make,equipment_model,recording_id,recording_date_time,task_id,aru_task_status,task_duration,task_method,species_code,species_common_name,species_scientific_name,individual_order,tag_id,individual_count,vocalization,detection_time,tag_duration,rms_peak_dbfs,tag_is_verified,tag_rating,observer,observer_id,species_individual_comments,task_comments
PC,862,WLNP-AQP-2,238274,,-114.049994,49.054267,,,354561,2021-07-07 05:11:00,331426,Transcribed,180s,1SPT,WCSP,White-crowned Sparrow,ZONOTRICHIA LEUCOPHRYS,2,2693553,1,Song,17.33,1.98,-58.4,f,,Alana Demko,532,,
PC,862,WLNP-AQP-2,238274,,-114.049994,49.054267,,,354561,2021-07-07 05:11:00,331426,Transcribed,180s,1SPT,UNDU,Unidentified Duck,"",1,2693549,1,Non-vocal,142.80,5.24,-37.41,f,,Alana Demko,532,splashing and wingbeats,
PC,862,WLNP-AQP-2,238274,,-114.049994,49.054267,,,354561,2021-07-07 05:11:00,331426,Transcribed,180s,1SPT,DEJU,Dark-eyed Junco,JUNCO HYEMALIS,1,2693552,1,Song,0.70,1.88,-69.13,f,,Alana Demko,532,,
PC,862,WLNP-AQP-2,238274,,-114.049994,49.054267,,,354561,2021-07-07 05:11:00,331426,Transcribed,180s,1SPT,WCSP,White-crowned Sparrow,ZONOTRICHIA LEUCOPHRYS,1,2693551,1,Song,0.03,0.90,-63.84,f,,Alana Demko,532,,
PC,862,WLNP-AQP-2,238274,,-114.049994,49.054267,,,354561,2021-07-07 05:11:00,331426,Transcribed,180s,1SPT,SPSA,Spotted Sandpiper,ACTITIS MACULARIUS,1,2693554,1,Song,1.65,2.14,-62.98,f,,Alana Demko,532,,
PC,862,WLNP-AQP-2,238274,,-114.049994,49.054267,,,354561,2021-07-07 05:11:00,331426,Transcribed,180s,1SPT,AMRO,American Robin,TURDUS MIGRATORIUS,1,2693550,1,Song,0.91,2.14,-62.87,f,,Alana Demko,532,,
PC,862,WLNP-AQP-2,238274,,-114.049994,49.054267,,,354561,2021-07-07 05:11:00,331426,Transcribed,180s,1SPT,AMRO,American Robin,TURDUS MIGRATORIUS,2,2693555,1,Call,11.58,0.63,-32.39,f,,Alana Demko,532,,
PC,862,WLNP-AQP-2,238274,,-114.049994,49.054267,,,354568,2021-07-09 22:40:00,331433,Transcribed,180s,1SPT,NONE,NONE,"",,,,,,,,,,Alana Demko,532,,high-frequency insect noise
PC,862,WLNP-AQP-2,238274,,-114.049994,49.054267,,,354575,2021-07-13 05:16:00,331440,Transcribed,180s,1SPT,WCSP,White-crowned Sparrow,ZONOTRICHIA LEUCOPHRYS,2,2689271,1,Song,4.16,2.93,-48.81,t,3,Marcus Sommers,1224,,
PC,862,WLNP-AQP-2,238274,,-114.049994,49.054267,,,354575,2021-07-13 05:16:00,331440,Transcribed,180s,1SPT,HETH,Hermit Thrush,CATHARUS GUTTATUS,1,2689273,1,Song,7.15,1.91,-37.71,f,,Marcus Sommers,1224,,
PC,862,WLNP-AQP-2,238274,,-114.049994,49.054267,,,354575,2021-07-13 05:16:00,331440,Transcribed,180s,1SPT,AMRO,American Robin,TURDUS MIGRATORIUS,1,2689274,1,Song,13.85,3.73,-57.38,f,,Marcus Sommers,1224,,
PC,862,WLNP-AQP-2,238274,,-114.049994,49.054267,,,354575,2021-07-13 05:16:00,331440,Transcribed,180s,1SPT,WISN,Wilson's Snipe,GALLINAGO DELICATA,1,2689277,1,Song,16.46,2.81,-58.14,f,,Marcus Sommers,1224,,
PC,862,WLNP-AQP-2,238274,,-114.049994,49.054267,,,354575,2021-07-13 05:16:00,331440,Transcribed,180s,1SPT,WCSP,White-crowned Sparrow,ZONOTRICHIA LEUCOPHRYS,3,2689278,1,Song,44.09,2.44,-62.19,t,2,Marcus Sommers,1224,,
PC,862,WLNP-AQP-2,238274,,-114.049994,49.054267,,,354575,2021-07-13 05:16:00,331440,Transcribed,180s,1SPT,UNBI,Unidentified bird,"",1,2689280,1,Call,87.66,1.20,-27.73,f,,Marcus Sommers,1224,,
PC,862,WLNP-AQP-2,238274,,-114.049994,49.054267,,,354575,2021-07-13 05:16:00,331440,Transcribed,180s,1SPT,SPSA,Spotted Sandpiper,ACTITIS MACULARIUS,1,2689275,1,Call,8.45,3.08,-31.75,f,,Marcus Sommers,1224,,
PC,862,WLNP-AQP-2,238274,,-114.049994,49.054267,,,354575,2021-07-13 05:16:00,331440,Transcribed,180s,1SPT,SPSA,Spotted Sandpiper,ACTITIS MACULARIUS,2,2689276,1,Call,52.66,8.40,-48.46,f,,Marcus Sommers,1224,,
PC,862,WLNP-AQP-2,238274,,-114.049994,49.054267,,,354575,2021-07-13 05:16:00,331440,Transcribed,180s,1SPT,DEJU,Dark-eyed Junco,JUNCO HYEMALIS,1,2689279,1,Song,38.46,2.54,-67.41,f,,Marcus Sommers,1224,,
PC,862,WLNP-AQP-2,238274,,-114.049994,49.054267,,,354575,2021-07-13 05:16:00,331440,Transcribed,180s,1SPT,WCSP,White-crowned Sparrow,ZONOTRICHIA LEUCOPHRYS,1,2689272,1,Song,1.03,2.78,-60.84,t,2,Marcus Sommers,1224,,
PC,862,WLNP-AQP-2,238274,,-114.049994,49.054267,,,354566,2021-07-13 20:37:00,331431,Transcribed,180s,1SPT,SPSA,Spotted Sandpiper,ACTITIS MACULARIUS,1,2693399,1,Call,0.04,5.41,-54.77,f,,Joel Kwek,822,,
PC,862,WLNP-AQP-2,238274,,-114.049994,49.054267,,,354566,2021-07-13 20:37:00,331431,Transcribed,180s,1SPT,WCSP,White-crowned Sparrow,ZONOTRICHIA LEUCOPHRYS,1,2693401,1,Song,9.29,2.16,-58.68,f,,Joel Kwek,822,,
PC,862,WLNP-AQP-2,238274,,-114.049994,49.054267,,,354566,2021-07-13 20:37:00,331431,Transcribed,180s,1SPT,PISI,Pine Siskin,SPINUS PINUS,1,2693407,1,Song,0.03,0.89,-54.11,f,,Joel Kwek,822,,
PC,862,WLNP-AQP-2,238274,,-114.049994,49.054267,,,354566,2021-07-13 20:37:00,331431,Transcribed,180s,1SPT,UNBI,Unidentified bird,"",1,2693405,1,Call,100.44,0.64,-35.1,f,,Joel Kwek,822,,
PC,862,WLNP-AQP-2,238274,,-114.049994,49.054267,,,354566,2021-07-13 20:37:00,331431,Transcribed,180s,1SPT,AMRO,American Robin,TURDUS MIGRATORIUS,1,2693408,1,Call,21.36,1.14,-65.96,f,,Joel Kwek,822,,
PC,862,WLNP-AQP-2,238274,,-114.049994,49.054267,,,354470,2021-07-15 08:18:00,331335,Transcribed,180s,1SPT,PISI,Pine Siskin,SPINUS PINUS,2,2689140,1,Song,116.34,5.41,-57.75,f,,Marcus Sommers,1224,,
PC,862,WLNP-AQP-2,238274,,-114.049994,49.054267,,,354470,2021-07-15 08:18:00,331335,Transcribed,180s,1SPT,PISI,Pine Siskin,SPINUS PINUS,1,2689116,1,Song,1.24,1.51,-63.13,f,,Marcus Sommers,1224,,
PC,862,WLNP-AQP-2,238274,,-114.049994,49.054267,,,354470,2021-07-15 08:18:00,331335,Transcribed,180s,1SPT,DEJU,Dark-eyed Junco,JUNCO HYEMALIS,1,2689216,1,Song,44.05,2.85,-66.1,f,,Marcus Sommers,1224,,
PC,862,WLNP-AQP-2,238274,,-114.049994,49.054267,,,354470,2021-07-15 08:18:00,331335,Transcribed,180s,1SPT,AMRO,American Robin,TURDUS MIGRATORIUS,1,2689138,1,Song,9.38,4.54,-68.41,f,,Marcus Sommers,1224,,
PC,862,WLNP-AQP-2,238274,,-114.049994,49.054267,,,354470,2021-07-15 08:18:00,331335,Transcribed,180s,1SPT,AMRO,American Robin,TURDUS MIGRATORIUS,2,2689219,1,Call,46.79,1.19,-62.84,f,,Marcus Sommers,1224,,
PC,862,WLNP-AQP-2,238274,,-114.049994,49.054267,,,354470,2021-07-15 08:18:00,331335,Transcribed,180s,1SPT,WCSP,White-crowned Sparrow,ZONOTRICHIA LEUCOPHRYS,1,2689117,1,Song,0.04,1.89,-62.73,t,2,Marcus Sommers,1224,,
PC,862,WLNP-AQP-2,238274,,-114.049994,49.054267,,,354549,2021-07-16 05:49:00,331414,Transcribed,180s,1SPT,CHSP,Chipping Sparrow,SPIZELLA PASSERINA,1,2707627,1,Song,128.16,5.29,-61.74,f,,Jon Van Arragon,1247,,
PC,862,WLNP-AQP-2,238274,,-114.049994,49.054267,,,354549,2021-07-16 05:49:00,331414,Transcribed,180s,1SPT,WCSP,White-crowned Sparrow,ZONOTRICHIA LEUCOPHRYS,3,2707622,1,Song,3.18,2.41,-54.3,t,3,Jon Van Arragon,1247,,
PC,862,WLNP-AQP-2,238274,,-114.049994,49.054267,,,354549,2021-07-16 05:49:00,331414,Transcribed,180s,1SPT,WCSP,White-crowned Sparrow,ZONOTRICHIA LEUCOPHRYS,2,2707621,1,Song,1.63,1.90,-62.16,f,,Jon Van Arragon,1247,,
PC,862,WLNP-AQP-2,238274,,-114.049994,49.054267,,,354549,2021-07-16 05:49:00,331414,Transcribed,180s,1SPT,WCSP,White-crowned Sparrow,ZONOTRICHIA LEUCOPHRYS,1,2707620,1,Song,0.01,1.36,-69.68,f,,Jon Van Arragon,1247,,
PC,862,WLNP-AQP-2,238274,,-114.049994,49.054267,,,354549,2021-07-16 05:49:00,331414,Transcribed,180s,1SPT,AMRO,American Robin,TURDUS MIGRATORIUS,1,2707626,1,Call,90.79,1.14,-64.78,f,,Jon Van Arragon,1247,,
PC,862,WLNP-AQP-2,238274,,-114.049994,49.054267,,,354549,2021-07-16 05:49:00,331414,Transcribed,180s,1SPT,DEJU,Dark-eyed Junco,JUNCO HYEMALIS,1,2707624,1,Song,8.24,1.55,-71.63,f,,Jon Van Arragon,1247,,
PC,862,WLNP-AQP-2,238274,,-114.049994,49.054267,,,354549,2021-07-16 05:49:00,331414,Transcribed,180s,1SPT,SPSA,Spotted Sandpiper,ACTITIS MACULARIUS,1,2707625,1,Call,15.81,2.93,-47.75,f,,Jon Van Arragon,1247,,
PC,862,WLNP-AQP-2,238274,,-114.049994,49.054267,,,354549,2021-07-16 05:49:00,331414,Transcribed,180s,1SPT,UNPA,Unidentified Passerine,"",1,2707623,1,Call,5.11,0.33,-58.65,f,,Jon Van Arragon,1247,,
PC,862,WLNP-AQP-2,238274,,-114.049994,49.054267,,,354549,2021-07-16 05:49:00,331414,Transcribed,180s,1SPT,PISI,Pine Siskin,SPINUS PINUS,1,2707628,1,Call,168.61,0.45,-62.21,f,,Jon Van Arragon,1247,,
PC,862,WLNP-AQP-2,238274,,-114.049994,49.054267,,,354505,2021-07-19 05:23:00,331370,Transcribed,180s,1SPT,WCSP,White-crowned Sparrow,ZONOTRICHIA LEUCOPHRYS,4,2689213,1,Song,30.34,2.31,-57.98,f,,Marcus Sommers,1224,,
PC,862,WLNP-AQP-2,238274,,-114.049994,49.054267,,,354505,2021-07-19 05:23:00,331370,Transcribed,180s,1SPT,WCSP,White-crowned Sparrow,ZONOTRICHIA LEUCOPHRYS,5,2689214,1,Song,77.91,2.16,-67.07,f,,Marcus Sommers,1224,,
PC,862,WLNP-AQP-2,238274,,-114.049994,49.054267,,,354505,2021-07-19 05:23:00,331370,Transcribed,180s,1SPT,WCSP,White-crowned Sparrow,ZONOTRICHIA LEUCOPHRYS,3,2689212,1,Song,25.01,2.29,-64.72,f,,Marcus Sommers,1224,,
PC,862,WLNP-AQP-2,238274,,-114.049994,49.054267,,,354505,2021-07-19 05:23:00,331370,Transcribed,180s,1SPT,WCSP,White-crowned Sparrow,ZONOTRICHIA LEUCOPHRYS,2,2689209,1,Song,3.75,2.23,-47.79,t,3,Marcus Sommers,1224,,
PC,862,WLNP-AQP-2,238274,,-114.049994,49.054267,,,354505,2021-07-19 05:23:00,331370,Transcribed,180s,1SPT,WCSP,White-crowned Sparrow,ZONOTRICHIA LEUCOPHRYS,1,2689208,1,Song,0.86,2.95,-51.63,t,3,Marcus Sommers,1224,,
PC,862,WLNP-AQP-2,238274,,-114.049994,49.054267,,,354505,2021-07-19 05:23:00,331370,Transcribed,180s,1SPT,HAWO,Hairy Woodpecker,DRYOBATES VILLOSUS,1,2689211,1,Call,17.01,1.20,-30.17,f,,Marcus Sommers,1224,,
PC,862,WLNP-AQP-2,238274,,-114.049994,49.054267,,,354505,2021-07-19 05:23:00,331370,Transcribed,180s,1SPT,DEJU,Dark-eyed Junco,JUNCO HYEMALIS,1,2689215,1,Song,125.38,2.66,-70.91,f,,Marcus Sommers,1224,,
PC,862,WLNP-AQP-2,238274,,-114.049994,49.054267,,,354505,2021-07-19 05:23:00,331370,Transcribed,180s,1SPT,AMRO,American Robin,TURDUS MIGRATORIUS,1,2689210,1,Song,8.41,5.60,-40.27,f,,Marcus Sommers,1224,,
PC,862,WLNP-AQP-2,238274,,-114.049994,49.054267,,,354509,2021-07-20 22:30:00,331374,Transcribed,180s,1SPT,NONE,NONE,"",,,,,,,,,,Gill Holmes,1269,,
PC,862,WLNP-AQP-2,238274,,-114.049994,49.054267,,,354486,2021-07-23 21:27:00,331351,Transcribed,180s,1SPT,WCSP,White-crowned Sparrow,ZONOTRICHIA LEUCOPHRYS,1,2689205,1,Song,125.36,2.50,-59.43,t,2,Marcus Sommers,1224,,
PC,862,WLNP-AQP-2,238274,,-114.049994,49.054267,,,354494,2021-07-27 07:33:00,331359,Transcribed,180s,1SPT,PISI,Pine Siskin,SPINUS PINUS,1,2706327,1,Song,75.49,0.40,-68.21,f,,Jon Van Arragon,1247,,
PC,862,WLNP-AQP-2,238274,,-114.049994,49.054267,,,354494,2021-07-27 07:33:00,331359,Transcribed,180s,1SPT,PISI,Pine Siskin,SPINUS PINUS,2,2706331,2,Song,106.14,3.41,-66.64,f,,Jon Van Arragon,1247,,
PC,862,WLNP-AQP-2,238274,,-114.049994,49.054267,,,354494,2021-07-27 07:33:00,331359,Transcribed,180s,1SPT,WWCR,White-winged Crossbill,LOXIA LEUCOPTERA,1,2706326,1,Song,50.46,2.15,-66.66,f,,Jon Van Arragon,1247,,
PC,862,WLNP-AQP-2,238274,,-114.049994,49.054267,,,354494,2021-07-27 07:33:00,331359,Transcribed,180s,1SPT,WWCR,White-winged Crossbill,LOXIA LEUCOPTERA,2,2706330,1,Call,101.00,0.71,-52.08,f,,Jon Van Arragon,1247,,
PC,862,WLNP-AQP-2,238274,,-114.049994,49.054267,,,354494,2021-07-27 07:33:00,331359,Transcribed,180s,1SPT,UNPA,Unidentified Passerine,"",1,2706325,1,Call,1.68,0.31,-58.82,f,,Jon Van Arragon,1247,,
PC,862,WLNP-AQP-2,238274,,-114.049994,49.054267,,,354494,2021-07-27 07:33:00,331359,Transcribed,180s,1SPT,MOCH,Mountain Chickadee,POECILE GAMBELI,1,2706328,1,Song,6.08,1.19,-70.22,f,,Jon Van Arragon,1247,,
PC,862,WLNP-AQP-2,238274,,-114.049994,49.054267,,,354494,2021-07-27 07:33:00,331359,Transcribed,180s,1SPT,AMRO,American Robin,TURDUS MIGRATORIUS,1,2706329,1,Call,15.24,2.03,-68.36,f,,Jon Van Arragon,1247,,
PC,862,WLNP-AQP-2,238274,,-114.049994,49.054267,,,354494,2021-07-27 07:33:00,331359,Transcribed,180s,1SPT,CORA,Common Raven,CORVUS CORAX,1,2706324,1,Call,0.15,2.16,-33.17,f,,Jon Van Arragon,1247,,
PC,862,WLNP-AQP-2,238274,,-114.049994,49.054267,,,354567,2021-07-30 07:37:00,331432,Transcribed,180s,1SPT,WWCR,White-winged Crossbill,LOXIA LEUCOPTERA,2,2691629,1,Song,11.06,3.25,-51.15,f,,Gill Holmes,1269,,
PC,862,WLNP-AQP-2,238274,,-114.049994,49.054267,,,354567,2021-07-30 07:37:00,331432,Transcribed,180s,1SPT,PISI,Pine Siskin,SPINUS PINUS,1,2691628,1,Call,0.91,2.94,-66.21,f,,Gill Holmes,1269,,
PC,862,WLNP-AQP-2,238274,,-114.049994,49.054267,,,354567,2021-07-30 07:37:00,331432,Transcribed,180s,1SPT,PISI,Pine Siskin,SPINUS PINUS,2,2691631,1,Call,143.14,9.65,-54.35,f,,Gill Holmes,1269,,
PC,862,WLNP-AQP-2,238274,,-114.049994,49.054267,,,354567,2021-07-30 07:37:00,331432,Transcribed,180s,1SPT,AMRO,American Robin,TURDUS MIGRATORIUS,1,2691627,1,Call,0.04,1.06,-64.05,f,,Gill Holmes,1269,,
PC,862,WLNP-AQP-2,238274,,-114.049994,49.054267,,,354567,2021-07-30 07:37:00,331432,Transcribed,180s,1SPT,WWCR,White-winged Crossbill,LOXIA LEUCOPTERA,1,2691630,1,Song,4.49,6.99,-60.12,f,,Gill Holmes,1269,,
PC,862,WLNP-AQP-2,238274,,-114.049994,49.054267,,,354535,2021-08-02 07:41:00,331400,Transcribed,180s,1SPT,PISI,Pine Siskin,SPINUS PINUS,2,2707619,2,Call,124.63,5.63,-67.34,f,,Jon Van Arragon,1247,,
PC,862,WLNP-AQP-2,238274,,-114.049994,49.054267,,,354535,2021-08-02 07:41:00,331400,Transcribed,180s,1SPT,PISI,Pine Siskin,SPINUS PINUS,1,2707618,1,Song,72.41,3.48,-69.09,f,,Jon Van Arragon,1247,,
PC,862,WLNP-AQP-2,238274,,-114.049994,49.054267,,,354535,2021-08-02 07:41:00,331400,Transcribed,180s,1SPT,RESQ,Red Squirrel,TAMIASCIURUS HUDSONICUS,1,2707617,1,Call,0.38,2.14,-68.6,f,,Jon Van Arragon,1247,,
PC,862,WLNP-AQP-2,238274,,-114.049994,49.054267,,,354473,2021-08-05 06:15:00,331338,Transcribed,180s,1SPT,DEJU,Dark-eyed Junco,JUNCO HYEMALIS,1,2736753,1,Song,0.23,2.01,-70.84,f,,Marcus Sommers,1224,,
PC,862,WLNP-AQP-2,238274,,-114.049994,49.054267,,,354473,2021-08-05 06:15:00,331338,Transcribed,180s,1SPT,UNBI,Unidentified bird,"",1,2736754,1,Call,67.18,3.33,-58.72,f,,Marcus Sommers,1224,,
PC,862,WLNP-AQP-2,238274,,-114.049994,49.054267,,,354497,2021-08-06 04:46:00,331362,Transcribed,180s,1SPT,UNKN,Unidentified signal,"",1,2737245,1,Song,15.70,8.83,-73.15,f,,Steve Enid,660,sounds like crickets,"breezy, wind picks up in 2nd minute"
PC,862,WLNP-AQP-2,238274,,-114.049994,49.054267,,,354521,2021-08-06 07:46:00,331386,Transcribed,180s,1SPT,PISI,Pine Siskin,SPINUS PINUS,1,2693379,2,Call,0.05,7.89,-62.02,f,,Joel Kwek,822,,
PC,862,WLNP-AQP-2,238274,,-114.049994,49.054267,,,354521,2021-08-06 07:46:00,331386,Transcribed,180s,1SPT,RBNU,Red-breasted Nuthatch,SITTA CANADENSIS,1,2693381,1,Song,83.54,1.53,-64.95,t,3,Joel Kwek,822,,
PC,862,WLNP-AQP-2,238274,,-114.049994,49.054267,,,354521,2021-08-06 07:46:00,331386,Transcribed,180s,1SPT,UNWO,Unidentified Woodpecker,"",1,2693380,1,Call,8.75,0.60,-69.38,f,,Joel Kwek,822,Or RESQ? Heard more clearly at 1m32s.,
PC,862,WLNP-AQP-2,238274,,-114.049994,49.054267,,,354521,2021-08-06 07:46:00,331386,Transcribed,180s,1SPT,SPSA,Spotted Sandpiper,ACTITIS MACULARIUS,1,2693382,1,Call,163.23,2.35,-55.31,f,,Joel Kwek,822,,
PC,862,WLNP-AQP-2,238274,,-114.049994,49.054267,,,354554,2021-08-07 22:05:00,331419,Bad Weather,180s,1SPT,NONE,NONE,"",,,,,,,,,,Jon Van Arragon,1247,,""
PC,862,WLNP-AQP-3,238275,,-114.144310,49.147152,,,354546,2021-06-28 07:04:00,331411,Transcribed,180s,1SPT,SWTH,Swainson's Thrush,CATHARUS USTULATUS,1,2689263,1,Song,7.78,2.00,-47.89,t,2,Marcus Sommers,1224,,
PC,862,WLNP-AQP-3,238275,,-114.144310,49.147152,,,354546,2021-06-28 07:04:00,331411,Transcribed,180s,1SPT,FOSP,Fox Sparrow,PASSERELLA ILIACA,1,2689267,1,Song,47.70,2.94,-40.17,f,,Marcus Sommers,1224,,
PC,862,WLNP-AQP-3,238275,,-114.144310,49.147152,,,354546,2021-06-28 07:04:00,331411,Transcribed,180s,1SPT,VATH,Varied Thrush,IXOREUS NAEVIUS,2,2689265,1,Song,32.60,1.88,-52.59,t,2,Marcus Sommers,1224,,
PC,862,WLNP-AQP-3,238275,,-114.144310,49.147152,,,354546,2021-06-28 07:04:00,331411,Transcribed,180s,1SPT,VATH,Varied Thrush,IXOREUS NAEVIUS,1,2689262,1,Song,8.69,2.33,-49.44,t,2,Marcus Sommers,1224,,
PC,862,WLNP-AQP-3,238275,,-114.144310,49.147152,,,354546,2021-06-28 07:04:00,331411,Transcribed,180s,1SPT,HETH,Hermit Thrush,CATHARUS GUTTATUS,1,2689266,1,Song,35.86,1.75,-51.15,t,2,Marcus Sommers,1224,,
PC,862,WLNP-AQP-3,238275,,-114.144310,49.147152,,,354546,2021-06-28 07:04:00,331411,Transcribed,180s,1SPT,PISI,Pine Siskin,SPINUS PINUS,2,2689269,1,Call,147.64,3.98,-51.69,f,,Marcus Sommers,1224,,
PC,862,WLNP-AQP-3,238275,,-114.144310,49.147152,,,354546,2021-06-28 07:04:00,331411,Transcribed,180s,1SPT,PISI,Pine Siskin,SPINUS PINUS,1,2689264,1,Call,26.10,2.06,-56.3,f,,Marcus Sommers,1224,,
PC,862,WLNP-AQP-3,238275,,-114.144310,49.147152,,,354546,2021-06-28 07:04:00,331411,Transcribed,180s,1SPT,GCKI,Golden-crowned Kinglet,REGULUS SATRAPA,1,2689268,1,Song,128.50,3.18,-57.02,f,,Marcus Sommers,1224,,
PC,862,WLNP-AQP-3,238275,,-114.144310,49.147152,,,354546,2021-06-28 07:04:00,331411,Transcribed,180s,1SPT,WIWA,Wilson's Warbler,CARDELLINA PUSILLA,1,2689270,1,Song,79.81,1.78,-56.34,t,1,Marcus Sommers,1224,,
PC,862,WLNP-AQP-3,238275,,-114.144310,49.147152,,,354572,2021-06-29 08:05:00,331437,Transcribed,180s,1SPT,VATH,Varied Thrush,IXOREUS NAEVIUS,2,2736751,1,Song,85.70,1.98,-56.83,f,,Marcus Sommers,1224,,
PC,862,WLNP-AQP-3,238275,,-114.144310,49.147152,,,354572,2021-06-29 08:05:00,331437,Transcribed,180s,1SPT,VATH,Varied Thrush,IXOREUS NAEVIUS,1,2736749,1,Song,5.35,1.98,-55.45,f,,Marcus Sommers,1224,,
PC,862,WLNP-AQP-3,238275,,-114.144310,49.147152,,,354572,2021-06-29 08:05:00,331437,Transcribed,180s,1SPT,SWTH,Swainson's Thrush,CATHARUS USTULATUS,2,2736752,1,Song,94.03,2.24,-49.17,t,2,Marcus Sommers,1224,,
PC,862,WLNP-AQP-3,238275,,-114.144310,49.147152,,,354572,2021-06-29 08:05:00,331437,Transcribed,180s,1SPT,SWTH,Swainson's Thrush,CATHARUS USTULATUS,1,2736750,1,Song,11.43,2.03,-48.37,t,2,Marcus Sommers,1224,,
PC,862,WLNP-AQP-3,238275,,-114.144310,49.147152,,,354469,2021-06-30 04:05:00,331334,Transcribed,180s,1SPT,NONE,NONE,"",,,,,,,,,,Steve Enid,660,,"loud water, hard to hear anything but running water"
PC,862,WLNP-AQP-3,238275,,-114.144310,49.147152,,,354517,2021-07-01 08:06:00,331382,Transcribed,180s,1SPT,VATH,Varied Thrush,IXOREUS NAEVIUS,1,2691617,1,Song,3.60,2.10,-53.46,f,,Gill Holmes,1269,,"other noise is running water, i.e. stream."
PC,862,WLNP-AQP-3,238275,,-114.144310,49.147152,,,354517,2021-07-01 08:06:00,331382,Transcribed,180s,1SPT,SWTH,Swainson's Thrush,CATHARUS USTULATUS,1,2691618,1,Song,4.70,1.75,-51.86,t,2,Gill Holmes,1269,,"other noise is running water, i.e. stream."
PC,862,WLNP-AQP-3,238275,,-114.144310,49.147152,,,354517,2021-07-01 08:06:00,331382,Transcribed,180s,1SPT,HETH,Hermit Thrush,CATHARUS GUTTATUS,1,2691623,1,Song,107.09,1.59,-50.05,f,,Gill Holmes,1269,,"other noise is running water, i.e. stream."
PC,862,WLNP-AQP-3,238275,,-114.144310,49.147152,,,354517,2021-07-01 08:06:00,331382,Transcribed,180s,1SPT,CHSP,Chipping Sparrow,SPIZELLA PASSERINA,1,2691619,1,Song,27.76,2.65,-57.25,f,,Gill Holmes,1269,,"other noise is running water, i.e. stream."
PC,862,WLNP-AQP-3,238275,,-114.144310,49.147152,,,354517,2021-07-01 08:06:00,331382,Transcribed,180s,1SPT,PISI,Pine Siskin,SPINUS PINUS,1,2691620,1,Song,51.31,8.14,-52.25,f,,Gill Holmes,1269,,"other noise is running water, i.e. stream."
PC,862,WLNP-AQP-3,238275,,-114.144310,49.147152,,,354517,2021-07-01 08:06:00,331382,Transcribed,180s,1SPT,PISI,Pine Siskin,SPINUS PINUS,2,2691622,1,Song,113.29,3.96,-54.8,f,,Gill Holmes,1269,,"other noise is running water, i.e. stream."
PC,862,WLNP-AQP-3,238275,,-114.144310,49.147152,,,354517,2021-07-01 08:06:00,331382,Transcribed,180s,1SPT,PAWA,Palm Warbler,SETOPHAGA PALMARUM,1,2691621,1,Song,61.85,1.65,-50.43,f,,Gill Holmes,1269,,"other noise is running water, i.e. stream."
PC,862,WLNP-AQP-3,238275,,-114.144310,49.147152,,,354519,2021-07-02 07:07:00,331384,Transcribed,180s,1SPT,GCKI,Golden-crowned Kinglet,REGULUS SATRAPA,1,2691640,1,Song,11.40,3.43,-35.96,f,,Gill Holmes,1269,,noise is running water; i.e. stream.
PC,862,WLNP-AQP-3,238275,,-114.144310,49.147152,,,354519,2021-07-02 07:07:00,331384,Transcribed,180s,1SPT,PAWR,Pacific Wren,TROGLODYTES PACIFICUS,1,2691641,1,Song,6.70,6.13,-38.85,f,,Gill Holmes,1269,,noise is running water; i.e. stream.
PC,862,WLNP-AQP-3,238275,,-114.144310,49.147152,,,354519,2021-07-02 07:07:00,331384,Transcribed,180s,1SPT,SWTH,Swainson's Thrush,CATHARUS USTULATUS,1,2691638,1,Song,0.50,1.41,-47.77,t,3,Gill Holmes,1269,,noise is running water; i.e. stream.
PC,862,WLNP-AQP-3,238275,,-114.144310,49.147152,,,354519,2021-07-02 07:07:00,331384,Transcribed,180s,1SPT,SWTH,Swainson's Thrush,CATHARUS USTULATUS,2,2691639,1,Song,4.41,2.56,-49.16,t,3,Gill Holmes,1269,,noise is running water; i.e. stream.
PC,862,WLNP-AQP-3,238275,,-114.144310,49.147152,,,354519,2021-07-02 07:07:00,331384,Transcribed,180s,1SPT,FOSP,Fox Sparrow,PASSERELLA ILIACA,1,2691642,1,Song,12.55,3.46,-41.73,f,,Gill Holmes,1269,,noise is running water; i.e. stream.
PC,862,WLNP-AQP-3,238275,,-114.144310,49.147152,,,354577,2021-07-02 08:07:00,331442,Transcribed,180s,1SPT,UNWA,Unidentified Warbler,"",1,2693420,1,Song,10.20,1.88,-60.02,f,,Joel Kwek,822,,Water flowing in the background.
PC,862,WLNP-AQP-3,238275,,-114.144310,49.147152,,,354577,2021-07-02 08:07:00,331442,Transcribed,180s,1SPT,UNPA,Unidentified Passerine,"",1,2693415,1,Call,0.03,4.73,-61.8,f,,Joel Kwek,822,Unknown chips?,Water flowing in the background.
PC,862,WLNP-AQP-3,238275,,-114.144310,49.147152,,,354577,2021-07-02 08:07:00,331442,Transcribed,180s,1SPT,SWTH,Swainson's Thrush,CATHARUS USTULATUS,1,2693422,1,Song,25.31,1.91,-53.5,t,2,Joel Kwek,822,,Water flowing in the background.
PC,862,WLNP-AQP-3,238275,,-114.144310,49.147152,,,354577,2021-07-02 08:07:00,331442,Transcribed,180s,1SPT,WCSP,White-crowned Sparrow,ZONOTRICHIA LEUCOPHRYS,1,2693416,1,Song,0.20,1.55,-51.75,f,,Joel Kwek,822,,Water flowing in the background.
PC,862,WLNP-AQP-3,238275,,-114.144310,49.147152,,,354577,2021-07-02 08:07:00,331442,Transcribed,180s,1SPT,HETH,Hermit Thrush,CATHARUS GUTTATUS,1,2693419,1,Song,1.96,1.41,-59.71,f,,Joel Kwek,822,,Water flowing in the background.
PC,862,WLNP-AQP-3,238275,,-114.144310,49.147152,,,354577,2021-07-02 08:07:00,331442,Transcribed,180s,1SPT,CHSP,Chipping Sparrow,SPIZELLA PASSERINA,1,2693423,1,Song,36.36,3.73,-58.99,f,,Joel Kwek,822,,Water flowing in the background.
PC,862,WLNP-AQP-3,238275,,-114.144310,49.147152,,,354560,2021-07-06 05:40:00,331425,Transcribed,180s,1SPT,UNSH,Unidentified Shorebird,"",1,2693547,1,Call,74.41,4.90,-54.41,f,,Alana Demko,532,maybe SPSA,distant flowing water
PC,862,WLNP-AQP-3,238275,,-114.144310,49.147152,,,354560,2021-07-06 05:40:00,331425,Transcribed,180s,1SPT,FOSP,Fox Sparrow,PASSERELLA ILIACA,2,2693543,1,Song,9.58,2.21,-44.54,f,,Alana Demko,532,,distant flowing water
PC,862,WLNP-AQP-3,238275,,-114.144310,49.147152,,,354560,2021-07-06 05:40:00,331425,Transcribed,180s,1SPT,FOSP,Fox Sparrow,PASSERELLA ILIACA,1,2693541,1,Song,3.26,2.78,-53.98,f,,Alana Demko,532,,distant flowing water
PC,862,WLNP-AQP-3,238275,,-114.144310,49.147152,,,354560,2021-07-06 05:40:00,331425,Transcribed,180s,1SPT,SWTH,Swainson's Thrush,CATHARUS USTULATUS,1,2693540,1,Song,0.01,1.13,-53.22,t,2,Alana Demko,532,,distant flowing water
PC,862,WLNP-AQP-3,238275,,-114.144310,49.147152,,,354560,2021-07-06 05:40:00,331425,Transcribed,180s,1SPT,PAWR,Pacific Wren,TROGLODYTES PACIFICUS,1,2693548,1,Song,27.16,6.14,-55.11,f,,Alana Demko,532,very faint,distant flowing water
PC,862,WLNP-AQP-3,238275,,-114.144310,49.147152,,,354560,2021-07-06 05:40:00,331425,Transcribed,180s,1SPT,HETH,Hermit Thrush,CATHARUS GUTTATUS,1,2693545,1,Song,11.40,1.44,-48.26,f,,Alana Demko,532,,distant flowing water
PC,862,WLNP-AQP-3,238275,,-114.144310,49.147152,,,354560,2021-07-06 05:40:00,331425,Transcribed,180s,1SPT,MGWA,MacGillivray's Warbler,GEOTHLYPIS TOLMIEI,1,2693542,1,Song,7.31,1.41,-56.96,t,2,Alana Demko,532,,distant flowing water
PC,862,WLNP-AQP-3,238275,,-114.144310,49.147152,,,354560,2021-07-06 05:40:00,331425,Transcribed,180s,1SPT,PISI,Pine Siskin,SPINUS PINUS,1,2693544,1,Call,12.90,0.40,-57.4,f,,Alana Demko,532,,distant flowing water
PC,862,WLNP-AQP-3,238275,,-114.144310,49.147152,,,354560,2021-07-06 05:40:00,331425,Transcribed,180s,1SPT,AMRO,American Robin,TURDUS MIGRATORIUS,1,2693546,1,Song,7.36,1.29,-58.09,f,,Alana Demko,532,,distant flowing water
PC,862,WLNP-AQP-3,238275,,-114.144310,49.147152,,,354483,2021-07-08 05:41:00,331348,Transcribed,180s,1SPT,PISI,Pine Siskin,SPINUS PINUS,1,2736733,1,Call,122.43,2.51,-55.29,f,,Marcus Sommers,1224,,
PC,862,WLNP-AQP-3,238275,,-114.144310,49.147152,,,354483,2021-07-08 05:41:00,331348,Transcribed,180s,1SPT,WCSP,White-crowned Sparrow,ZONOTRICHIA LEUCOPHRYS,3,2736738,1,Song,35.75,2.51,-55.93,f,,Marcus Sommers,1224,,
PC,862,WLNP-AQP-3,238275,,-114.144310,49.147152,,,354483,2021-07-08 05:41:00,331348,Transcribed,180s,1SPT,WIWA,Wilson's Warbler,CARDELLINA PUSILLA,1,2736728,1,Song,72.74,1.78,-59.33,t,1,Marcus Sommers,1224,,
PC,862,WLNP-AQP-3,238275,,-114.144310,49.147152,,,354483,2021-07-08 05:41:00,331348,Transcribed,180s,1SPT,WCSP,White-crowned Sparrow,ZONOTRICHIA LEUCOPHRYS,2,2736737,1,Song,15.89,2.86,-46.16,f,,Marcus Sommers,1224,,
PC,862,WLNP-AQP-3,238275,,-114.144310,49.147152,,,354483,2021-07-08 05:41:00,331348,Transcribed,180s,1SPT,WCSP,White-crowned Sparrow,ZONOTRICHIA LEUCOPHRYS,1,2736729,1,Song,3.14,2.79,-46.74,f,,Marcus Sommers,1224,,
PC,862,WLNP-AQP-3,238275,,-114.144310,49.147152,,,354483,2021-07-08 05:41:00,331348,Transcribed,180s,1SPT,HETH,Hermit Thrush,CATHARUS GUTTATUS,1,2736730,1,Song,0.41,1.31,-55.7,f,,Marcus Sommers,1224,,
PC,862,WLNP-AQP-3,238275,,-114.144310,49.147152,,,354483,2021-07-08 05:41:00,331348,Transcribed,180s,1SPT,PISI,Pine Siskin,SPINUS PINUS,2,2736734,1,Call,130.00,3.50,-57.22,f,,Marcus Sommers,1224,,
PC,862,WLNP-AQP-3,238275,,-114.144310,49.147152,,,354483,2021-07-08 05:41:00,331348,Transcribed,180s,1SPT,CHSP,Chipping Sparrow,SPIZELLA PASSERINA,1,2736727,1,Song,2.51,1.99,-46.83,f,,Marcus Sommers,1224,,
PC,862,WLNP-AQP-3,238275,,-114.144310,49.147152,,,354483,2021-07-08 05:41:00,331348,Transcribed,180s,1SPT,FOSP,Fox Sparrow,PASSERELLA ILIACA,1,2736731,1,Song,1.29,2.00,-50.98,f,,Marcus Sommers,1224,,
PC,862,WLNP-AQP-3,238275,,-114.144310,49.147152,,,354483,2021-07-08 05:41:00,331348,Transcribed,180s,1SPT,SWTH,Swainson's Thrush,CATHARUS USTULATUS,1,2736735,1,Song,144.59,2.08,-53.52,t,2,Marcus Sommers,1224,,
PC,862,WLNP-AQP-3,238275,,-114.144310,49.147152,,,354483,2021-07-08 05:41:00,331348,Transcribed,180s,1SPT,VATH,Varied Thrush,IXOREUS NAEVIUS,1,2736736,1,Song,154.50,2.03,-51.58,f,,Marcus Sommers,1224,,
PC,862,WLNP-AQP-3,238275,,-114.144310,49.147152,,,354483,2021-07-08 05:41:00,331348,Transcribed,180s,1SPT,YRWA,Yellow-rumped Warbler,SETOPHAGA CORONATA,1,2736732,1,Song,55.18,2.09,-61.07,f,,Marcus Sommers,1224,,
PC,862,WLNP-AQP-3,238275,,-114.144310,49.147152,,,354526,2021-07-09 07:12:00,331391,Transcribed,180s,1SPT,CHSP,Chipping Sparrow,SPIZELLA PASSERINA,1,2689236,1,Song,1.56,2.80,-57.49,f,,Marcus Sommers,1224,,
PC,862,WLNP-AQP-3,238275,,-114.144310,49.147152,,,354526,2021-07-09 07:12:00,331391,Transcribed,180s,1SPT,SWTH,Swainson's Thrush,CATHARUS USTULATUS,3,2689242,1,Song,63.60,2.59,-42.94,f,,Marcus Sommers,1224,,
PC,862,WLNP-AQP-3,238275,,-114.144310,49.147152,,,354526,2021-07-09 07:12:00,331391,Transcribed,180s,1SPT,CHSP,Chipping Sparrow,SPIZELLA PASSERINA,2,2689243,1,Song,109.08,3.03,-47.12,f,,Marcus Sommers,1224,,
PC,862,WLNP-AQP-3,238275,,-114.144310,49.147152,,,354526,2021-07-09 07:12:00,331391,Transcribed,180s,1SPT,SOSP,Song Sparrow,MELOSPIZA MELODIA,1,2689245,1,Song,101.45,3.24,-54.43,f,,Marcus Sommers,1224,,
PC,862,WLNP-AQP-3,238275,,-114.144310,49.147152,,,354526,2021-07-09 07:12:00,331391,Transcribed,180s,1SPT,FOSP,Fox Sparrow,PASSERELLA ILIACA,2,2689239,1,Song,16.98,2.45,-45.01,f,,Marcus Sommers,1224,,
PC,862,WLNP-AQP-3,238275,,-114.144310,49.147152,,,354526,2021-07-09 07:12:00,331391,Transcribed,180s,1SPT,FOSP,Fox Sparrow,PASSERELLA ILIACA,1,2689237,1,Song,4.28,2.51,-54.62,f,,Marcus Sommers,1224,,
PC,862,WLNP-AQP-3,238275,,-114.144310,49.147152,,,354526,2021-07-09 07:12:00,331391,Transcribed,180s,1SPT,GCKI,Golden-crowned Kinglet,REGULUS SATRAPA,1,2689240,1,Song,16.78,3.10,-67.8,f,,Marcus Sommers,1224,,
PC,862,WLNP-AQP-3,238275,,-114.144310,49.147152,,,354526,2021-07-09 07:12:00,331391,Transcribed,180s,1SPT,SWTH,Swainson's Thrush,CATHARUS USTULATUS,2,2689241,1,Song,59.69,2.93,-42.19,f,,Marcus Sommers,1224,,
PC,862,WLNP-AQP-3,238275,,-114.144310,49.147152,,,354526,2021-07-09 07:12:00,331391,Transcribed,180s,1SPT,SWTH,Swainson's Thrush,CATHARUS USTULATUS,1,2689244,1,Song,9.80,2.16,-36.15,f,,Marcus Sommers,1224,,
PC,862,WLNP-AQP-3,238275,,-114.144310,49.147152,,,354526,2021-07-09 07:12:00,331391,Transcribed,180s,1SPT,WCSP,White-crowned Sparrow,ZONOTRICHIA LEUCOPHRYS,2,2689248,1,Song,33.03,2.40,-55.98,f,,Marcus Sommers,1224,,
PC,862,WLNP-AQP-3,238275,,-114.144310,49.147152,,,354526,2021-07-09 07:12:00,331391,Transcribed,180s,1SPT,WCSP,White-crowned Sparrow,ZONOTRICHIA LEUCOPHRYS,1,2689235,1,Song,0.05,2.64,-52.38,f,,Marcus Sommers,1224,,
PC,862,WLNP-AQP-3,238275,,-114.144310,49.147152,,,354526,2021-07-09 07:12:00,331391,Transcribed,180s,1SPT,HETH,Hermit Thrush,CATHARUS GUTTATUS,1,2689238,1,Song,15.73,1.86,-45.79,f,,Marcus Sommers,1224,,
PC,862,WLNP-AQP-3,238275,,-114.144310,49.147152,,,354526,2021-07-09 07:12:00,331391,Transcribed,180s,1SPT,AMRO,American Robin,TURDUS MIGRATORIUS,1,2689246,1,Call,122.06,1.70,-58.54,f,,Marcus Sommers,1224,,
PC,862,WLNP-AQP-3,238275,,-114.144310,49.147152,,,354526,2021-07-09 07:12:00,331391,Transcribed,180s,1SPT,PISI,Pine Siskin,SPINUS PINUS,1,2689247,1,Song,166.98,1.76,-42.09,f,,Marcus Sommers,1224,,
PC,862,WLNP-AQP-3,238275,,-114.144310,49.147152,,,354536,2021-07-18 04:22:00,331401,Transcribed,180s,1SPT,SWTH,Swainson's Thrush,CATHARUS USTULATUS,1,2693276,1,Call,65.74,0.25,-63.36,f,,Alana Demko,532,"only one call, not 100% certain of ID",flowing water
PC,862,WLNP-AQP-3,238275,,-114.144310,49.147152,,,354502,2021-07-18 20:34:00,331367,Transcribed,180s,1SPT,UNPA,Unidentified Passerine,"",1,2737248,1,Call,92.51,3.35,-68.65,f,,Steve Enid,660,,wind and water noise
PC,862,WLNP-AQP-3,238275,,-114.144310,49.147152,,,354502,2021-07-18 20:34:00,331367,Transcribed,180s,1SPT,YRWA,Yellow-rumped Warbler,SETOPHAGA CORONATA,1,2737247,1,Song,82.40,1.99,-64.94,f,,Steve Enid,660,faint,wind and water noise
PC,862,WLNP-AQP-3,238275,,-114.144310,49.147152,,,354502,2021-07-18 20:34:00,331367,Transcribed,180s,1SPT,HETH,Hermit Thrush,CATHARUS GUTTATUS,1,2737246,1,Song,75.51,1.71,-66.2,f,,Steve Enid,660,far,wind and water noise
PC,862,WLNP-AQP-3,238275,,-114.144310,49.147152,,,354502,2021-07-18 20:34:00,331367,Transcribed,180s,1SPT,SPSA,Spotted Sandpiper,ACTITIS MACULARIUS,1,2737249,1,Call,101.03,3.24,-55.44,f,,Steve Enid,660,,wind and water noise
PC,862,WLNP-AQP-3,238275,,-114.144310,49.147152,,,354570,2021-07-23 05:28:00,331435,Transcribed,180s,1SPT,MOWA,Mourning Warbler,GEOTHLYPIS PHILADELPHIA,1,2691625,1,Song,4.10,2.26,-56.9,f,,Gill Holmes,1269,,
PC,862,WLNP-AQP-3,238275,,-114.144310,49.147152,,,354570,2021-07-23 05:28:00,331435,Transcribed,180s,1SPT,VATH,Varied Thrush,IXOREUS NAEVIUS,1,2691624,1,Song,4.06,1.96,-57.44,f,,Gill Holmes,1269,,
PC,862,WLNP-AQP-3,238275,,-114.144310,49.147152,,,354570,2021-07-23 05:28:00,331435,Transcribed,180s,1SPT,FOSP,Fox Sparrow,PASSERELLA ILIACA,1,2691626,1,Song,59.19,2.81,-62.09,f,,Gill Holmes,1269,,
PC,862,WLNP-AQP-3,238275,,-114.144310,49.147152,,,354542,2021-07-23 20:28:00,331407,Transcribed,180s,1SPT,HETH,Hermit Thrush,CATHARUS GUTTATUS,2,2693280,1,Song,123.34,1.36,-71.88,f,,Alana Demko,532,,flowing water (distant)
PC,862,WLNP-AQP-3,238275,,-114.144310,49.147152,,,354542,2021-07-23 20:28:00,331407,Transcribed,180s,1SPT,HETH,Hermit Thrush,CATHARUS GUTTATUS,1,2693278,1,Song,80.69,1.25,-71.25,f,,Alana Demko,532,,flowing water (distant)
PC,862,WLNP-AQP-3,238275,,-114.144310,49.147152,,,354542,2021-07-23 20:28:00,331407,Transcribed,180s,1SPT,GCKI,Golden-crowned Kinglet,REGULUS SATRAPA,1,2693279,1,Call,90.69,0.63,-69.09,f,,Alana Demko,532,,flowing water (distant)
PC,862,WLNP-AQP-3,238275,,-114.144310,49.147152,,,354542,2021-07-23 20:28:00,331407,Transcribed,180s,1SPT,YRWA,Yellow-rumped Warbler,SETOPHAGA CORONATA,1,2693277,1,Song,8.85,1.60,-56.44,t,3,Alana Demko,532,,flowing water (distant)
PC,862,WLNP-AQP-3,238275,,-114.144310,49.147152,,,354541,2021-08-03 22:13:00,331406,Transcribed,180s,1SPT,NONE,NONE,"",,,,,,,,,,Jon Van Arragon,1247,,No wildlife detections
PC,862,WLNP-AQP-3,238275,,-114.144310,49.147152,,,354563,2021-08-04 21:11:00,331428,Transcribed,180s,1SPT,AMRO,American Robin,TURDUS MIGRATORIUS,1,2691637,1,Call,4.81,4.19,-66.47,f,,Gill Holmes,1269,,
PC,862,WLNP-AQP-3,238275,,-114.144310,49.147152,,,354579,2021-08-04 22:11:00,331444,Transcribed,180s,1SPT,NONE,NONE,"",,,,,,,,,,Marcus Sommers,1224,,
PC,862,WLNP-AQP-6,238276,,-114.017867,49.093335,,,354476,2021-06-28 08:04:00,331341,Transcribed,180s,1SPT,PISI,Pine Siskin,SPINUS PINUS,1,2690345,1,Call,80.75,1.64,-53.86,f,,Jon Van Arragon,1247,,
PC,862,WLNP-AQP-6,238276,,-114.017867,49.093335,,,354523,2021-06-29 21:44:00,331388,Transcribed,180s,1SPT,WCSP,White-crowned Sparrow,ZONOTRICHIA LEUCOPHRYS,1,2691614,1,Song,85.89,2.16,-54.74,f,,Gill Holmes,1269,,
PC,862,WLNP-AQP-6,238276,,-114.017867,49.093335,,,354581,2021-07-01 06:06:00,331446,Transcribed,180s,1SPT,YRWA,Yellow-rumped Warbler,SETOPHAGA CORONATA,1,2737242,1,Song,2.68,1.70,-52.37,f,,Steve Enid,660,,loud water
PC,862,WLNP-AQP-6,238276,,-114.017867,49.093335,,,354581,2021-07-01 06:06:00,331446,Transcribed,180s,1SPT,YRWA,Yellow-rumped Warbler,SETOPHAGA CORONATA,2,2737243,1,Song,27.09,1.81,-53.41,t,1,Steve Enid,660,,loud water
PC,862,WLNP-AQP-6,238276,,-114.017867,49.093335,,,354581,2021-07-01 06:06:00,331446,Transcribed,180s,1SPT,RESQ,Red Squirrel,TAMIASCIURUS HUDSONICUS,1,2737244,1,Non-vocal,97.23,1.75,-55,f,,Steve Enid,660,running around noise,loud water
PC,862,WLNP-AQP-6,238276,,-114.017867,49.093335,,,354553,2021-07-03 20:43:00,331418,Transcribed,180s,1SPT,PISI,Pine Siskin,SPINUS PINUS,1,2691645,3,Call,11.39,14.41,-52.5,f,,Gill Holmes,1269,,
PC,862,WLNP-AQP-6,238276,,-114.017867,49.093335,,,354553,2021-07-03 20:43:00,331418,Transcribed,180s,1SPT,HETH,Hermit Thrush,CATHARUS GUTTATUS,1,2691644,1,Song,165.23,2.03,-47.41,f,,Gill Holmes,1269,,
PC,862,WLNP-AQP-6,238276,,-114.017867,49.093335,,,354582,2021-07-07 07:11:00,331447,Transcribed,180s,1SPT,CLNU,Clark's Nutcracker,NUCIFRAGA COLUMBIANA,1,2737228,1,Call,45.68,2.48,-58.36,f,,Steve Enid,660,,wind and water noise
PC,862,WLNP-AQP-6,238276,,-114.017867,49.093335,,,354582,2021-07-07 07:11:00,331447,Transcribed,180s,1SPT,WIWR,Winter Wren,TROGLODYTES HIEMALIS,1,2737223,1,Song,5.28,3.43,-64.94,f,,Steve Enid,660,,wind and water noise
PC,862,WLNP-AQP-6,238276,,-114.017867,49.093335,,,354582,2021-07-07 07:11:00,331447,Transcribed,180s,1SPT,MGWA,MacGillivray's Warbler,GEOTHLYPIS TOLMIEI,1,2737229,1,Song,70.30,1.61,-63.57,t,2,Steve Enid,660,,wind and water noise
PC,862,WLNP-AQP-6,238276,,-114.017867,49.093335,,,354582,2021-07-07 07:11:00,331447,Transcribed,180s,1SPT,UNPA,Unidentified Passerine,"",1,2737230,1,Call,77.93,4.53,-68.6,f,,Steve Enid,660,,wind and water noise
PC,862,WLNP-AQP-6,238276,,-114.017867,49.093335,,,354582,2021-07-07 07:11:00,331447,Transcribed,180s,1SPT,ATTW,American Three-toed Woodpecker,PICOIDES DORSALIS,1,2737226,1,Non-vocal,25.96,1.90,-35.96,f,,Steve Enid,660,,wind and water noise
PC,862,WLNP-AQP-6,238276,,-114.017867,49.093335,,,354582,2021-07-07 07:11:00,331447,Transcribed,180s,1SPT,AMRO,American Robin,TURDUS MIGRATORIUS,1,2737227,1,Call,34.19,1.99,-55.99,f,,Steve Enid,660,,wind and water noise
PC,862,WLNP-AQP-6,238276,,-114.017867,49.093335,,,354582,2021-07-07 07:11:00,331447,Transcribed,180s,1SPT,SWTH,Swainson's Thrush,CATHARUS USTULATUS,1,2737222,1,Song,7.24,1.63,-59.88,t,2,Steve Enid,660,,wind and water noise
PC,862,WLNP-AQP-6,238276,,-114.017867,49.093335,,,354573,2021-07-09 22:40:00,331438,Transcribed,180s,1SPT,NONE,NONE,"",,,,,,,,,,Steve Enid,660,,wind and water noise
PC,862,WLNP-AQP-6,238276,,-114.017867,49.093335,,,354511,2021-07-11 20:39:00,331376,Transcribed,180s,1SPT,HETH,Hermit Thrush,CATHARUS GUTTATUS,1,2693377,1,Song,11.50,1.45,-65.01,f,,Joel Kwek,822,,Water flowing in the background.
PC,862,WLNP-AQP-6,238276,,-114.017867,49.093335,,,354511,2021-07-11 20:39:00,331376,Transcribed,180s,1SPT,PISI,Pine Siskin,SPINUS PINUS,1,2693373,1,Call,7.93,0.40,-66.85,f,,Joel Kwek,822,,Water flowing in the background.
PC,862,WLNP-AQP-6,238276,,-114.017867,49.093335,,,354511,2021-07-11 20:39:00,331376,Transcribed,180s,1SPT,UNPA,Unidentified Passerine,"",1,2693372,1,Call,1.05,0.64,-53.89,f,,Joel Kwek,822,Unknown chip?,Water flowing in the background.
PC,862,WLNP-AQP-6,238276,,-114.017867,49.093335,,,354504,2021-07-18 08:22:00,331369,Transcribed,180s,1SPT,HETH,Hermit Thrush,CATHARUS GUTTATUS,1,2693362,1,Song,0.08,0.73,-70.03,f,,Joel Kwek,822,,
PC,862,WLNP-AQP-6,238276,,-114.017867,49.093335,,,354504,2021-07-18 08:22:00,331369,Transcribed,180s,1SPT,UNWA,Unidentified Warbler,"",1,2693367,1,Song,110.46,1.69,-68.11,f,,Joel Kwek,822,,
PC,862,WLNP-AQP-6,238276,,-114.017867,49.093335,,,354539,2021-07-20 07:24:00,331404,Transcribed,180s,1SPT,HETH,Hermit Thrush,CATHARUS GUTTATUS,1,2736724,1,Song,38.43,1.55,-65.67,f,,Marcus Sommers,1224,,
PC,862,WLNP-AQP-6,238276,,-114.017867,49.093335,,,354539,2021-07-20 07:24:00,331404,Transcribed,180s,1SPT,PIWO,Pileated Woodpecker,DRYOCOPUS PILEATUS,1,2736726,1,Non-vocal,118.41,1.89,-33.44,f,,Marcus Sommers,1224,,
PC,862,WLNP-AQP-6,238276,,-114.017867,49.093335,,,354539,2021-07-20 07:24:00,331404,Transcribed,180s,1SPT,SWTH,Swainson's Thrush,CATHARUS USTULATUS,1,2736725,1,Song,111.15,1.74,-60.61,f,,Marcus Sommers,1224,,
PC,862,WLNP-AQP-6,238276,,-114.017867,49.093335,,,354539,2021-07-20 07:24:00,331404,Transcribed,180s,1SPT,BCCH,Black-capped Chickadee,POECILE ATRICAPILLUS,1,2736723,1,Song,8.84,1.33,-69.68,f,,Marcus Sommers,1224,,
PC,862,WLNP-AQP-6,238276,,-114.017867,49.093335,,,354508,2021-07-21 06:25:00,331373,Transcribed,180s,1SPT,PISI,Pine Siskin,SPINUS PINUS,1,2707609,1,Call,9.09,0.31,-69.67,f,,Jon Van Arragon,1247,,
PC,862,WLNP-AQP-6,238276,,-114.017867,49.093335,,,354508,2021-07-21 06:25:00,331373,Transcribed,180s,1SPT,SWTH,Swainson's Thrush,CATHARUS USTULATUS,1,2707610,1,Song,36.83,1.25,-66.29,f,,Jon Van Arragon,1247,,
PC,862,WLNP-AQP-6,238276,,-114.017867,49.093335,,,354508,2021-07-21 06:25:00,331373,Transcribed,180s,1SPT,BOCH,Boreal Chickadee,POECILE HUDSONICUS,1,2707612,1,Call,137.30,1.73,-70.36,f,,Jon Van Arragon,1247,,
PC,862,WLNP-AQP-6,238276,,-114.017867,49.093335,,,354508,2021-07-21 06:25:00,331373,Transcribed,180s,1SPT,DEJU,Dark-eyed Junco,JUNCO HYEMALIS,1,2707611,1,Song,93.08,1.48,-70.93,f,,Jon Van Arragon,1247,,
PC,862,WLNP-AQP-6,238276,,-114.017867,49.093335,,,354508,2021-07-21 06:25:00,331373,Transcribed,180s,1SPT,HETH,Hermit Thrush,CATHARUS GUTTATUS,1,2707608,1,Song,2.55,0.99,-68.54,f,,Jon Van Arragon,1247,,
PC,862,WLNP-AQP-6,238276,,-114.017867,49.093335,,,354533,2021-07-30 21:18:00,331398,Transcribed,180s,1SPT,UNPA,Unidentified Passerine,"",1,2693538,1,Call,137.95,0.24,-72.14,f,,Alana Demko,532,,insects buzzing
PC,862,WLNP-AQP-6,238276,,-114.017867,49.093335,,,354533,2021-07-30 21:18:00,331398,Transcribed,180s,1SPT,UNKN,Unidentified signal,"",1,2693539,1,Call,0.00,0.68,-44.13,f,,Alana Demko,532,"very faint, possible CLNU or other jay",insects buzzing
PC,862,WLNP-AQP-6,238276,,-114.017867,49.093335,,,354533,2021-07-30 21:18:00,331398,Transcribed,180s,1SPT,MOAI,Moderate aircraft,"",1,2693537,1,Non-vocal,52.98,5.04,-37.84,f,,Alana Demko,532,,insects buzzing
PC,862,WLNP-AQP-6,238276,,-114.017867,49.093335,,,354548,2021-07-31 05:38:00,331413,Transcribed,180s,1SPT,UNDU,Unidentified Duck,"",1,2737241,1,Call,174.73,1.48,-54.4,f,,Steve Enid,660,,
PC,862,WLNP-AQP-6,238276,,-114.017867,49.093335,,,354548,2021-07-31 05:38:00,331413,Transcribed,180s,1SPT,HETH,Hermit Thrush,CATHARUS GUTTATUS,2,2737238,1,Song,4.18,1.75,-67.64,t,2,Steve Enid,660,,
PC,862,WLNP-AQP-6,238276,,-114.017867,49.093335,,,354548,2021-07-31 05:38:00,331413,Transcribed,180s,1SPT,HETH,Hermit Thrush,CATHARUS GUTTATUS,3,2737239,1,Song,16.26,1.68,-71.36,f,,Steve Enid,660,,
PC,862,WLNP-AQP-6,238276,,-114.017867,49.093335,,,354548,2021-07-31 05:38:00,331413,Transcribed,180s,1SPT,HETH,Hermit Thrush,CATHARUS GUTTATUS,4,2737240,1,Song,167.19,1.54,-62.24,t,2,Steve Enid,660,,
PC,862,WLNP-AQP-6,238276,,-114.017867,49.093335,,,354548,2021-07-31 05:38:00,331413,Transcribed,180s,1SPT,HETH,Hermit Thrush,CATHARUS GUTTATUS,1,2737237,1,Song,2.14,1.66,-70.73,f,,Steve Enid,660,,
PC,862,WLNP-AQP-6,238276,,-114.017867,49.093335,,,354479,2021-08-03 04:42:00,331344,Transcribed,180s,1SPT,NONE,NONE,"",,,,,,,,,,Jon Van Arragon,1247,,No wildlife detections
PC,862,WLNP-AQP-6,238276,,-114.017867,49.093335,,,354489,2021-08-03 05:42:00,331354,Transcribed,180s,1SPT,HETH,Hermit Thrush,CATHARUS GUTTATUS,1,2693274,1,Song,0.90,1.36,-70.4,f,,Alana Demko,532,,
PC,862,WLNP-AQP-6,238276,,-114.017867,49.093335,,,354489,2021-08-03 05:42:00,331354,Transcribed,180s,1SPT,UNPA,Unidentified Passerine,"",1,2693275,1,Call,57.79,0.79,-68.56,f,,Alana Demko,532,,
PC,862,WLNP-AQP-6,238276,,-114.017867,49.093335,,,354528,2021-08-04 07:43:00,331393,Transcribed,180s,1SPT,WBNU,White-breasted Nuthatch,SITTA CAROLINENSIS,1,2689307,1,Song,4.81,2.60,-64.65,f,,Marcus Sommers,1224,,
PC,862,WLNP-AQP-6,238276,,-114.017867,49.093335,,,354528,2021-08-04 07:43:00,331393,Transcribed,180s,1SPT,RBNU,Red-breasted Nuthatch,SITTA CANADENSIS,2,2689309,1,Song,164.18,2.96,-68.12,t,3,Marcus Sommers,1224,,
PC,862,WLNP-AQP-6,238276,,-114.017867,49.093335,,,354528,2021-08-04 07:43:00,331393,Transcribed,180s,1SPT,WWCR,White-winged Crossbill,LOXIA LEUCOPTERA,2,2689282,1,Song,41.06,10.43,-57.15,f,,Marcus Sommers,1224,,
PC,862,WLNP-AQP-6,238276,,-114.017867,49.093335,,,354528,2021-08-04 07:43:00,331393,Transcribed,180s,1SPT,WWCR,White-winged Crossbill,LOXIA LEUCOPTERA,1,2689283,1,Song,11.44,4.46,-60.58,f,,Marcus Sommers,1224,,
PC,862,WLNP-AQP-6,238276,,-114.017867,49.093335,,,354528,2021-08-04 07:43:00,331393,Transcribed,180s,1SPT,RBNU,Red-breasted Nuthatch,SITTA CANADENSIS,1,2689281,1,Song,1.00,2.01,-64.39,t,3,Marcus Sommers,1224,,
PC,862,WLNP-AQP-6,238276,,-114.017867,49.093335,,,354500,2021-08-07 06:48:00,331365,Transcribed,180s,1SPT,OCWA,Orange-crowned Warbler,LEIOTHLYPIS CELATA,1,2693355,1,Song,140.08,2.10,-62.5,f,,Joel Kwek,822,,
PC,862,WLNP-AQP-6,238276,,-114.017867,49.093335,,,354500,2021-08-07 06:48:00,331365,Transcribed,180s,1SPT,DEJU,Dark-eyed Junco,JUNCO HYEMALIS,1,2693352,1,Song,35.96,2.69,-56.32,f,,Joel Kwek,822,,
PC,862,WLNP-AQP-7,238277,,-114.025437,49.006545,,,354472,2021-06-28 08:04:00,331337,Transcribed,180s,1SPT,SWTH,Swainson's Thrush,CATHARUS USTULATUS,2,2693268,1,Song,3.78,1.31,-37.81,f,,Alana Demko,532,,distant flowing water
PC,862,WLNP-AQP-7,238277,,-114.025437,49.006545,,,354472,2021-06-28 08:04:00,331337,Transcribed,180s,1SPT,WIWA,Wilson's Warbler,CARDELLINA PUSILLA,1,2693265,1,Song,1.01,1.51,-46.9,t,3,Alana Demko,532,,distant flowing water
PC,862,WLNP-AQP-7,238277,,-114.025437,49.006545,,,354472,2021-06-28 08:04:00,331337,Transcribed,180s,1SPT,WIWA,Wilson's Warbler,CARDELLINA PUSILLA,2,2693271,1,Song,59.99,1.04,-58.96,t,1,Alana Demko,532,,distant flowing water
PC,862,WLNP-AQP-7,238277,,-114.025437,49.006545,,,354472,2021-06-28 08:04:00,331337,Transcribed,180s,1SPT,MGWA,MacGillivray's Warbler,GEOTHLYPIS TOLMIEI,1,2693267,1,Song,5.18,1.74,-50.35,t,2,Alana Demko,532,,distant flowing water
PC,862,WLNP-AQP-7,238277,,-114.025437,49.006545,,,354472,2021-06-28 08:04:00,331337,Transcribed,180s,1SPT,DEJU,Dark-eyed Junco,JUNCO HYEMALIS,1,2693273,1,Song,91.48,1.61,-64.16,f,,Alana Demko,532,,distant flowing water
PC,862,WLNP-AQP-7,238277,,-114.025437,49.006545,,,354472,2021-06-28 08:04:00,331337,Transcribed,180s,1SPT,AMRO,American Robin,TURDUS MIGRATORIUS,1,2693270,1,Song,39.14,1.66,-59.56,f,,Alana Demko,532,,distant flowing water
PC,862,WLNP-AQP-7,238277,,-114.025437,49.006545,,,354472,2021-06-28 08:04:00,331337,Transcribed,180s,1SPT,HETH,Hermit Thrush,CATHARUS GUTTATUS,1,2693264,1,Song,0.04,1.35,-42.81,t,2,Alana Demko,532,,distant flowing water
PC,862,WLNP-AQP-7,238277,,-114.025437,49.006545,,,354472,2021-06-28 08:04:00,331337,Transcribed,180s,1SPT,HETH,Hermit Thrush,CATHARUS GUTTATUS,2,2693266,1,Song,2.78,1.34,-50.54,t,2,Alana Demko,532,,distant flowing water
PC,862,WLNP-AQP-7,238277,,-114.025437,49.006545,,,354472,2021-06-28 08:04:00,331337,Transcribed,180s,1SPT,YRWA,Yellow-rumped Warbler,SETOPHAGA CORONATA,1,2693269,1,Song,8.74,1.65,-48.73,t,3,Alana Demko,532,,distant flowing water
PC,862,WLNP-AQP-7,238277,,-114.025437,49.006545,,,354472,2021-06-28 08:04:00,331337,Transcribed,180s,1SPT,YRWA,Yellow-rumped Warbler,SETOPHAGA CORONATA,2,2693272,1,Song,111.79,1.91,-53.37,t,3,Alana Demko,532,,distant flowing water
PC,862,WLNP-AQP-7,238277,,-114.025437,49.006545,,,354472,2021-06-28 08:04:00,331337,Transcribed,180s,1SPT,SWTH,Swainson's Thrush,CATHARUS USTULATUS,1,2693263,1,Song,0.03,1.45,-41.79,t,3,Alana Demko,532,,distant flowing water
PC,862,WLNP-AQP-7,238277,,-114.025437,49.006545,,,354516,2021-06-30 21:44:00,331381,Transcribed,180s,1SPT,SWTH,Swainson's Thrush,CATHARUS USTULATUS,1,2691615,1,Song,3.24,2.45,-48.6,t,4,Gill Holmes,1269,,
PC,862,WLNP-AQP-7,238277,,-114.025437,49.006545,,,354516,2021-06-30 21:44:00,331381,Transcribed,180s,1SPT,LAZB,Lazuli Bunting,PASSERINA AMOENA,1,2691616,1,Song,71.86,3.28,-35.63,f,,Gill Holmes,1269,,
PC,862,WLNP-AQP-7,238277,,-114.025437,49.006545,,,354484,2021-07-02 06:06:00,331349,Transcribed,180s,1SPT,YRWA,Yellow-rumped Warbler,SETOPHAGA CORONATA,1,2689177,1,Song,11.10,1.93,-46.35,t,3,Marcus Sommers,1224,,
PC,862,WLNP-AQP-7,238277,,-114.025437,49.006545,,,354484,2021-07-02 06:06:00,331349,Transcribed,180s,1SPT,SWTH,Swainson's Thrush,CATHARUS USTULATUS,1,2689170,1,Song,4.35,2.10,-44.49,t,3,Marcus Sommers,1224,,
PC,862,WLNP-AQP-7,238277,,-114.025437,49.006545,,,354484,2021-07-02 06:06:00,331349,Transcribed,180s,1SPT,YRWA,Yellow-rumped Warbler,SETOPHAGA CORONATA,2,2689221,1,Song,74.10,2.09,-60.24,t,3,Marcus Sommers,1224,,
PC,862,WLNP-AQP-7,238277,,-114.025437,49.006545,,,354484,2021-07-02 06:06:00,331349,Transcribed,180s,1SPT,HETH,Hermit Thrush,CATHARUS GUTTATUS,2,2689172,1,Song,6.54,1.89,-51.6,f,,Marcus Sommers,1224,,
PC,862,WLNP-AQP-7,238277,,-114.025437,49.006545,,,354484,2021-07-02 06:06:00,331349,Transcribed,180s,1SPT,WIWA,Wilson's Warbler,CARDELLINA PUSILLA,1,2689171,1,Song,8.78,1.85,-51.99,t,2,Marcus Sommers,1224,,
PC,862,WLNP-AQP-7,238277,,-114.025437,49.006545,,,354484,2021-07-02 06:06:00,331349,Transcribed,180s,1SPT,CHSP,Chipping Sparrow,SPIZELLA PASSERINA,1,2689169,1,Song,0.59,2.58,-59.61,f,,Marcus Sommers,1224,,
PC,862,WLNP-AQP-7,238277,,-114.025437,49.006545,,,354484,2021-07-02 06:06:00,331349,Transcribed,180s,1SPT,HETH,Hermit Thrush,CATHARUS GUTTATUS,1,2689220,1,Song,3.39,1.40,-47.06,f,,Marcus Sommers,1224,,
PC,862,WLNP-AQP-7,238277,,-114.025437,49.006545,,,354477,2021-07-05 21:42:00,331342,Transcribed,180s,1SPT,UNWA,Unidentified Warbler,"",1,2693339,1,Song,5.25,1.09,-63.06,f,,Joel Kwek,822,,Water flowing in the background.
PC,862,WLNP-AQP-7,238277,,-114.025437,49.006545,,,354477,2021-07-05 21:42:00,331342,Transcribed,180s,1SPT,CHSP,Chipping Sparrow,SPIZELLA PASSERINA,1,2693338,1,Song,3.84,2.53,-66.65,f,,Joel Kwek,822,,Water flowing in the background.
PC,862,WLNP-AQP-7,238277,,-114.025437,49.006545,,,354477,2021-07-05 21:42:00,331342,Transcribed,180s,1SPT,HETH,Hermit Thrush,CATHARUS GUTTATUS,1,2693336,1,Song,0.05,0.91,-61.8,f,,Joel Kwek,822,,Water flowing in the background.
PC,862,WLNP-AQP-7,238277,,-114.025437,49.006545,,,354477,2021-07-05 21:42:00,331342,Transcribed,180s,1SPT,HETH,Hermit Thrush,CATHARUS GUTTATUS,2,2693337,1,Song,0.60,0.78,-64.51,f,,Joel Kwek,822,,Water flowing in the background.
PC,862,WLNP-AQP-7,238277,,-114.025437,49.006545,,,354477,2021-07-05 21:42:00,331342,Transcribed,180s,1SPT,SWTH,Swainson's Thrush,CATHARUS USTULATUS,1,2693340,1,Call,8.43,0.70,-65.17,f,,Joel Kwek,822,,Water flowing in the background.
PC,862,WLNP-AQP-7,238277,,-114.025437,49.006545,,,354531,2021-07-09 06:12:00,331396,Transcribed,180s,1SPT,PISI,Pine Siskin,SPINUS PINUS,1,2689256,1,Song,157.78,0.90,-52.21,f,,Marcus Sommers,1224,,
PC,862,WLNP-AQP-7,238277,,-114.025437,49.006545,,,354531,2021-07-09 06:12:00,331396,Transcribed,180s,1SPT,FOSP,Fox Sparrow,PASSERELLA ILIACA,1,2689253,1,Song,8.14,3.11,-50.13,f,,Marcus Sommers,1224,,
PC,862,WLNP-AQP-7,238277,,-114.025437,49.006545,,,354531,2021-07-09 06:12:00,331396,Transcribed,180s,1SPT,SWTH,Swainson's Thrush,CATHARUS USTULATUS,2,2689255,1,Song,24.94,1.88,-47.8,t,3,Marcus Sommers,1224,,
PC,862,WLNP-AQP-7,238277,,-114.025437,49.006545,,,354531,2021-07-09 06:12:00,331396,Transcribed,180s,1SPT,SWTH,Swainson's Thrush,CATHARUS USTULATUS,1,2689254,1,Song,14.23,1.85,-57.31,f,,Marcus Sommers,1224,,
PC,862,WLNP-AQP-7,238277,,-114.025437,49.006545,,,354531,2021-07-09 06:12:00,331396,Transcribed,180s,1SPT,WCSP,White-crowned Sparrow,ZONOTRICHIA LEUCOPHRYS,3,2689260,1,Call,145.68,0.76,-52.15,f,,Marcus Sommers,1224,,
PC,862,WLNP-AQP-7,238277,,-114.025437,49.006545,,,354531,2021-07-09 06:12:00,331396,Transcribed,180s,1SPT,WCSP,White-crowned Sparrow,ZONOTRICHIA LEUCOPHRYS,2,2689259,1,Song,39.50,1.66,-54.51,f,,Marcus Sommers,1224,,
PC,862,WLNP-AQP-7,238277,,-114.025437,49.006545,,,354531,2021-07-09 06:12:00,331396,Transcribed,180s,1SPT,WCSP,White-crowned Sparrow,ZONOTRICHIA LEUCOPHRYS,1,2689258,1,Song,24.99,1.80,-50.95,f,,Marcus Sommers,1224,,
PC,862,WLNP-AQP-7,238277,,-114.025437,49.006545,,,354531,2021-07-09 06:12:00,331396,Transcribed,180s,1SPT,HETH,Hermit Thrush,CATHARUS GUTTATUS,2,2689250,1,Song,4.41,2.04,-50.76,t,4,Marcus Sommers,1224,,
PC,862,WLNP-AQP-7,238277,,-114.025437,49.006545,,,354531,2021-07-09 06:12:00,331396,Transcribed,180s,1SPT,HETH,Hermit Thrush,CATHARUS GUTTATUS,1,2689249,1,Song,1.60,2.06,-50.19,t,4,Marcus Sommers,1224,,
PC,862,WLNP-AQP-7,238277,,-114.025437,49.006545,,,354531,2021-07-09 06:12:00,331396,Transcribed,180s,1SPT,CHSP,Chipping Sparrow,SPIZELLA PASSERINA,1,2689251,1,Song,5.01,2.96,-50.29,f,,Marcus Sommers,1224,,
PC,862,WLNP-AQP-7,238277,,-114.025437,49.006545,,,354531,2021-07-09 06:12:00,331396,Transcribed,180s,1SPT,WIWA,Wilson's Warbler,CARDELLINA PUSILLA,2,2689257,1,Song,124.06,1.50,-59.56,t,1,Marcus Sommers,1224,,
PC,862,WLNP-AQP-7,238277,,-114.025437,49.006545,,,354531,2021-07-09 06:12:00,331396,Transcribed,180s,1SPT,WIWA,Wilson's Warbler,CARDELLINA PUSILLA,1,2689252,1,Song,0.09,1.43,-58.5,t,2,Marcus Sommers,1224,,
PC,862,WLNP-AQP-7,238277,,-114.025437,49.006545,,,354498,2021-07-10 05:13:00,331363,Transcribed,180s,1SPT,PISI,Pine Siskin,SPINUS PINUS,1,2693349,1,Call,132.30,0.70,-54.85,f,,Joel Kwek,822,,Water flowing in the background.
PC,862,WLNP-AQP-7,238277,,-114.025437,49.006545,,,354498,2021-07-10 05:13:00,331363,Transcribed,180s,1SPT,CHSP,Chipping Sparrow,SPIZELLA PASSERINA,1,2693343,1,Song,0.56,2.65,-55.34,f,,Joel Kwek,822,,Water flowing in the background.
PC,862,WLNP-AQP-7,238277,,-114.025437,49.006545,,,354498,2021-07-10 05:13:00,331363,Transcribed,180s,1SPT,SWTH,Swainson's Thrush,CATHARUS USTULATUS,2,2693347,1,Song,1.74,0.76,-52.66,t,3,Joel Kwek,822,,Water flowing in the background.
PC,862,WLNP-AQP-7,238277,,-114.025437,49.006545,,,354498,2021-07-10 05:13:00,331363,Transcribed,180s,1SPT,SWTH,Swainson's Thrush,CATHARUS USTULATUS,1,2693345,1,Call,0.86,0.58,-59.48,f,,Joel Kwek,822,,Water flowing in the background.
PC,862,WLNP-AQP-7,238277,,-114.025437,49.006545,,,354498,2021-07-10 05:13:00,331363,Transcribed,180s,1SPT,HETH,Hermit Thrush,CATHARUS GUTTATUS,1,2693344,1,Song,0.08,1.31,-59.34,f,,Joel Kwek,822,,Water flowing in the background.
PC,862,WLNP-AQP-7,238277,,-114.025437,49.006545,,,354498,2021-07-10 05:13:00,331363,Transcribed,180s,1SPT,UNWA,Unidentified Warbler,"",1,2693346,1,Song,1.30,0.73,-56.45,f,,Joel Kwek,822,,Water flowing in the background.
PC,862,WLNP-AQP-7,238277,,-114.025437,49.006545,,,354498,2021-07-10 05:13:00,331363,Transcribed,180s,1SPT,PISI,Pine Siskin,SPINUS PINUS,2,2693350,1,Call,141.16,0.84,-35.46,f,,Joel Kwek,822,,Water flowing in the background.
PC,862,WLNP-AQP-7,238277,,-114.025437,49.006545,,,354480,2021-07-10 06:13:00,331345,Transcribed,180s,1SPT,OCWA,Orange-crowned Warbler,LEIOTHLYPIS CELATA,1,2736762,1,Song,17.60,1.50,-67.52,f,,Marcus Sommers,1224,,
PC,862,WLNP-AQP-7,238277,,-114.025437,49.006545,,,354480,2021-07-10 06:13:00,331345,Transcribed,180s,1SPT,HETH,Hermit Thrush,CATHARUS GUTTATUS,1,2736759,1,Song,0.70,1.84,-56.99,f,,Marcus Sommers,1224,,
PC,862,WLNP-AQP-7,238277,,-114.025437,49.006545,,,354480,2021-07-10 06:13:00,331345,Transcribed,180s,1SPT,FOSP,Fox Sparrow,PASSERELLA ILIACA,1,2736764,1,Song,98.61,2.41,-47.28,f,,Marcus Sommers,1224,,
PC,862,WLNP-AQP-7,238277,,-114.025437,49.006545,,,354480,2021-07-10 06:13:00,331345,Transcribed,180s,1SPT,FOSP,Fox Sparrow,PASSERELLA ILIACA,2,2736763,1,Song,105.00,3.78,-46.83,f,,Marcus Sommers,1224,,
PC,862,WLNP-AQP-7,238277,,-114.025437,49.006545,,,354480,2021-07-10 06:13:00,331345,Transcribed,180s,1SPT,CHSP,Chipping Sparrow,SPIZELLA PASSERINA,1,2736757,1,Song,5.01,3.01,-59.58,f,,Marcus Sommers,1224,,
PC,862,WLNP-AQP-7,238277,,-114.025437,49.006545,,,354480,2021-07-10 06:13:00,331345,Transcribed,180s,1SPT,GCKI,Golden-crowned Kinglet,REGULUS SATRAPA,1,2736767,1,Song,178.10,1.89,-54.3,f,,Marcus Sommers,1224,,
PC,862,WLNP-AQP-7,238277,,-114.025437,49.006545,,,354480,2021-07-10 06:13:00,331345,Transcribed,180s,1SPT,WIWA,Wilson's Warbler,CARDELLINA PUSILLA,1,2736755,1,Song,0.04,1.76,-57.4,t,2,Marcus Sommers,1224,,
PC,862,WLNP-AQP-7,238277,,-114.025437,49.006545,,,354480,2021-07-10 06:13:00,331345,Transcribed,180s,1SPT,WIWA,Wilson's Warbler,CARDELLINA PUSILLA,2,2736760,1,Song,7.40,2.26,-59.9,t,2,Marcus Sommers,1224,,
PC,862,WLNP-AQP-7,238277,,-114.025437,49.006545,,,354480,2021-07-10 06:13:00,331345,Transcribed,180s,1SPT,SWTH,Swainson's Thrush,CATHARUS USTULATUS,1,2736761,1,Song,7.56,2.04,-57.33,t,2,Marcus Sommers,1224,,
PC,862,WLNP-AQP-7,238277,,-114.025437,49.006545,,,354480,2021-07-10 06:13:00,331345,Transcribed,180s,1SPT,SWTH,Swainson's Thrush,CATHARUS USTULATUS,2,2736765,1,Call,102.04,3.99,-57.8,f,,Marcus Sommers,1224,,
PC,862,WLNP-AQP-7,238277,,-114.025437,49.006545,,,354480,2021-07-10 06:13:00,331345,Transcribed,180s,1SPT,YRWA,Yellow-rumped Warbler,SETOPHAGA CORONATA,1,2736756,1,Song,1.64,1.93,-57.7,t,2,Marcus Sommers,1224,,
PC,862,WLNP-AQP-7,238277,,-114.025437,49.006545,,,354480,2021-07-10 06:13:00,331345,Transcribed,180s,1SPT,WCSP,White-crowned Sparrow,ZONOTRICHIA LEUCOPHRYS,1,2736766,1,Song,161.18,2.78,-58.27,t,2,Marcus Sommers,1224,,
PC,862,WLNP-AQP-7,238277,,-114.025437,49.006545,,,354480,2021-07-10 06:13:00,331345,Transcribed,180s,1SPT,HETH,Hermit Thrush,CATHARUS GUTTATUS,2,2736758,1,Song,2.89,1.83,-58.48,f,,Marcus Sommers,1224,,
PC,862,WLNP-AQP-7,238277,,-114.025437,49.006545,,,354551,2021-07-10 08:13:00,331416,Transcribed,180s,1SPT,PISI,Pine Siskin,SPINUS PINUS,1,2736744,1,Call,31.13,5.30,-53.27,f,,Marcus Sommers,1224,,
PC,862,WLNP-AQP-7,238277,,-114.025437,49.006545,,,354551,2021-07-10 08:13:00,331416,Transcribed,180s,1SPT,WETA,Western Tanager,PIRANGA LUDOVICIANA,1,2736745,1,Song,41.59,2.88,-62.38,f,,Marcus Sommers,1224,,
PC,862,WLNP-AQP-7,238277,,-114.025437,49.006545,,,354551,2021-07-10 08:13:00,331416,Transcribed,180s,1SPT,SWTH,Swainson's Thrush,CATHARUS USTULATUS,2,2736743,1,Song,14.36,1.81,-56.39,t,2,Marcus Sommers,1224,,
PC,862,WLNP-AQP-7,238277,,-114.025437,49.006545,,,354551,2021-07-10 08:13:00,331416,Transcribed,180s,1SPT,WCSP,White-crowned Sparrow,ZONOTRICHIA LEUCOPHRYS,2,2736748,1,Song,74.85,2.38,-56.52,f,,Marcus Sommers,1224,,
PC,862,WLNP-AQP-7,238277,,-114.025437,49.006545,,,354551,2021-07-10 08:13:00,331416,Transcribed,180s,1SPT,WCSP,White-crowned Sparrow,ZONOTRICHIA LEUCOPHRYS,1,2736746,1,Song,59.96,3.16,-57.6,f,,Marcus Sommers,1224,,
PC,862,WLNP-AQP-7,238277,,-114.025437,49.006545,,,354551,2021-07-10 08:13:00,331416,Transcribed,180s,1SPT,AMRE,American Redstart,SETOPHAGA RUTICILLA,1,2736741,1,Song,5.19,1.65,-60.6,f,,Marcus Sommers,1224,,
PC,862,WLNP-AQP-7,238277,,-114.025437,49.006545,,,354551,2021-07-10 08:13:00,331416,Transcribed,180s,1SPT,SWTH,Swainson's Thrush,CATHARUS USTULATUS,1,2736742,1,Call,0.30,2.24,-60.37,f,,Marcus Sommers,1224,,
PC,862,WLNP-AQP-7,238277,,-114.025437,49.006545,,,354551,2021-07-10 08:13:00,331416,Transcribed,180s,1SPT,YRWA,Yellow-rumped Warbler,SETOPHAGA CORONATA,1,2736739,1,Song,3.28,1.95,-63.12,t,2,Marcus Sommers,1224,,
PC,862,WLNP-AQP-7,238277,,-114.025437,49.006545,,,354551,2021-07-10 08:13:00,331416,Transcribed,180s,1SPT,CHSP,Chipping Sparrow,SPIZELLA PASSERINA,1,2736740,1,Song,0.14,2.93,-68.23,f,,Marcus Sommers,1224,,
PC,862,WLNP-AQP-7,238277,,-114.025437,49.006545,,,354544,2021-07-11 05:14:00,331409,Transcribed,180s,1SPT,WCSP,White-crowned Sparrow,ZONOTRICHIA LEUCOPHRYS,1,2693388,1,Song,2.99,2.81,-49.87,f,,Joel Kwek,822,,Water flowing in the background.
PC,862,WLNP-AQP-7,238277,,-114.025437,49.006545,,,354544,2021-07-11 05:14:00,331409,Transcribed,180s,1SPT,HETH,Hermit Thrush,CATHARUS GUTTATUS,1,2693387,1,Song,1.38,1.61,-58.07,f,,Joel Kwek,822,,Water flowing in the background.
PC,862,WLNP-AQP-7,238277,,-114.025437,49.006545,,,354544,2021-07-11 05:14:00,331409,Transcribed,180s,1SPT,SWTH,Swainson's Thrush,CATHARUS USTULATUS,2,2693390,1,Song,9.74,1.25,-59.53,t,2,Joel Kwek,822,,Water flowing in the background.
PC,862,WLNP-AQP-7,238277,,-114.025437,49.006545,,,354544,2021-07-11 05:14:00,331409,Transcribed,180s,1SPT,SWTH,Swainson's Thrush,CATHARUS USTULATUS,1,2693389,1,Song,5.08,2.09,-48.76,t,4,Joel Kwek,822,,Water flowing in the background.
PC,862,WLNP-AQP-7,238277,,-114.025437,49.006545,,,354544,2021-07-11 05:14:00,331409,Transcribed,180s,1SPT,CHSP,Chipping Sparrow,SPIZELLA PASSERINA,1,2693386,1,Song,0.14,2.41,-63.37,f,,Joel Kwek,822,,Water flowing in the background.
PC,862,WLNP-AQP-7,238277,,-114.025437,49.006545,,,354493,2021-07-14 08:17:00,331358,Transcribed,180s,1SPT,HETH,Hermit Thrush,CATHARUS GUTTATUS,1,2706319,1,Song,0.53,1.48,-50.33,t,4,Jon Van Arragon,1247,,
PC,862,WLNP-AQP-7,238277,,-114.025437,49.006545,,,354493,2021-07-14 08:17:00,331358,Transcribed,180s,1SPT,CHSP,Chipping Sparrow,SPIZELLA PASSERINA,1,2706322,1,Song,13.61,2.40,-61.3,f,,Jon Van Arragon,1247,,
PC,862,WLNP-AQP-7,238277,,-114.025437,49.006545,,,354493,2021-07-14 08:17:00,331358,Transcribed,180s,1SPT,FOSP,Fox Sparrow,PASSERELLA ILIACA,1,2706323,1,Song,83.55,1.20,-66.15,f,,Jon Van Arragon,1247,,
PC,862,WLNP-AQP-7,238277,,-114.025437,49.006545,,,354493,2021-07-14 08:17:00,331358,Transcribed,180s,1SPT,YRWA,Yellow-rumped Warbler,SETOPHAGA CORONATA,1,2706320,1,Song,1.40,1.59,-59.89,f,,Jon Van Arragon,1247,,
PC,862,WLNP-AQP-7,238277,,-114.025437,49.006545,,,354493,2021-07-14 08:17:00,331358,Transcribed,180s,1SPT,HETH,Hermit Thrush,CATHARUS GUTTATUS,2,2706321,1,Song,13.11,1.45,-68.48,f,,Jon Van Arragon,1247,,
PC,862,WLNP-AQP-7,238277,,-114.025437,49.006545,,,354529,2021-07-21 07:25:00,331394,Transcribed,180s,1SPT,PISI,Pine Siskin,SPINUS PINUS,1,2689227,1,Call,65.68,4.45,-45.28,f,,Marcus Sommers,1224,,
PC,862,WLNP-AQP-7,238277,,-114.025437,49.006545,,,354529,2021-07-21 07:25:00,331394,Transcribed,180s,1SPT,HETH,Hermit Thrush,CATHARUS GUTTATUS,2,2689234,1,Song,143.14,1.81,-64.41,t,2,Marcus Sommers,1224,,
PC,862,WLNP-AQP-7,238277,,-114.025437,49.006545,,,354529,2021-07-21 07:25:00,331394,Transcribed,180s,1SPT,WCSP,White-crowned Sparrow,ZONOTRICHIA LEUCOPHRYS,2,2689224,1,Song,8.25,2.26,-61.63,t,2,Marcus Sommers,1224,,
PC,862,WLNP-AQP-7,238277,,-114.025437,49.006545,,,354529,2021-07-21 07:25:00,331394,Transcribed,180s,1SPT,WCSP,White-crowned Sparrow,ZONOTRICHIA LEUCOPHRYS,1,2689223,1,Song,3.50,2.48,-57.26,t,2,Marcus Sommers,1224,,
PC,862,WLNP-AQP-7,238277,,-114.025437,49.006545,,,354529,2021-07-21 07:25:00,331394,Transcribed,180s,1SPT,HETH,Hermit Thrush,CATHARUS GUTTATUS,1,2689222,1,Song,0.25,2.09,-54.34,t,2,Marcus Sommers,1224,,
PC,862,WLNP-AQP-7,238277,,-114.025437,49.006545,,,354529,2021-07-21 07:25:00,331394,Transcribed,180s,1SPT,CEDW,Cedar Waxwing,BOMBYCILLA CEDRORUM,2,2689230,1,Call,14.14,3.28,-65.28,f,,Marcus Sommers,1224,,
PC,862,WLNP-AQP-7,238277,,-114.025437,49.006545,,,354529,2021-07-21 07:25:00,331394,Transcribed,180s,1SPT,PISI,Pine Siskin,SPINUS PINUS,2,2689228,1,Call,99.84,1.91,-61.81,f,,Marcus Sommers,1224,,
PC,862,WLNP-AQP-7,238277,,-114.025437,49.006545,,,354529,2021-07-21 07:25:00,331394,Transcribed,180s,1SPT,CEDW,Cedar Waxwing,BOMBYCILLA CEDRORUM,1,2689229,1,Call,1.18,5.74,-61.15,f,,Marcus Sommers,1224,,
PC,862,WLNP-AQP-7,238277,,-114.025437,49.006545,,,354529,2021-07-21 07:25:00,331394,Transcribed,180s,1SPT,RBNU,Red-breasted Nuthatch,SITTA CANADENSIS,1,2689226,1,Song,51.68,2.26,-52.69,t,3,Marcus Sommers,1224,,
PC,862,WLNP-AQP-7,238277,,-114.025437,49.006545,,,354529,2021-07-21 07:25:00,331394,Transcribed,180s,1SPT,WCSP,White-crowned Sparrow,ZONOTRICHIA LEUCOPHRYS,3,2689233,1,Song,30.23,3.01,-64.58,f,,Marcus Sommers,1224,,
PC,862,WLNP-AQP-7,238277,,-114.025437,49.006545,,,354529,2021-07-21 07:25:00,331394,Transcribed,180s,1SPT,CORA,Common Raven,CORVUS CORAX,1,2689225,1,Call,2.66,1.55,-41.93,f,,Marcus Sommers,1224,,
PC,862,WLNP-AQP-7,238277,,-114.025437,49.006545,,,354529,2021-07-21 07:25:00,331394,Transcribed,180s,1SPT,YRWA,Yellow-rumped Warbler,SETOPHAGA CORONATA,2,2689232,1,Song,177.00,2.41,-68.4,f,,Marcus Sommers,1224,,
PC,862,WLNP-AQP-7,238277,,-114.025437,49.006545,,,354529,2021-07-21 07:25:00,331394,Transcribed,180s,1SPT,YRWA,Yellow-rumped Warbler,SETOPHAGA CORONATA,1,2689231,1,Song,24.61,2.11,-38.81,t,3,Marcus Sommers,1224,,
PC,862,WLNP-AQP-7,238277,,-114.025437,49.006545,,,354559,2021-07-29 05:35:00,331424,Transcribed,180s,1SPT,HETH,Hermit Thrush,CATHARUS GUTTATUS,1,2691633,1,Song,5.63,1.88,-64.58,t,2,Gill Holmes,1269,,
PC,862,WLNP-AQP-7,238277,,-114.025437,49.006545,,,354559,2021-07-29 05:35:00,331424,Transcribed,180s,1SPT,UNPA,Unidentified Passerine,"",1,2691635,1,Song,49.39,2.71,-65.99,f,,Gill Holmes,1269,,
PC,862,WLNP-AQP-7,238277,,-114.025437,49.006545,,,354559,2021-07-29 05:35:00,331424,Transcribed,180s,1SPT,HETH,Hermit Thrush,CATHARUS GUTTATUS,2,2691634,1,Song,9.09,2.33,-66.2,t,2,Gill Holmes,1269,,
PC,862,WLNP-AQP-7,238277,,-114.025437,49.006545,,,354559,2021-07-29 05:35:00,331424,Transcribed,180s,1SPT,CONI,Common Nighthawk,CHORDEILES MINOR,1,2691632,1,Song,16.54,0.69,-65.11,f,,Gill Holmes,1269,,
PC,862,WLNP-AQP-7,238277,,-114.025437,49.006545,,,354492,2021-07-29 20:19:00,331357,Transcribed,180s,1SPT,CEDW,Cedar Waxwing,BOMBYCILLA CEDRORUM,1,2737231,1,Song,0.13,2.13,-64.96,f,,Steve Enid,660,,
PC,862,WLNP-AQP-7,238277,,-114.025437,49.006545,,,354492,2021-07-29 20:19:00,331357,Transcribed,180s,1SPT,CORA,Common Raven,CORVUS CORAX,1,2737236,1,Call,170.64,2.61,-35.67,f,,Steve Enid,660,,
PC,862,WLNP-AQP-7,238277,,-114.025437,49.006545,,,354492,2021-07-29 20:19:00,331357,Transcribed,180s,1SPT,RESQ,Red Squirrel,TAMIASCIURUS HUDSONICUS,1,2737233,1,Call,76.66,1.73,-43.3,f,,Steve Enid,660,likely a ground squirrel but that's not an option,
PC,862,WLNP-AQP-7,238277,,-114.025437,49.006545,,,354492,2021-07-29 20:19:00,331357,Transcribed,180s,1SPT,UNPA,Unidentified Passerine,"",1,2737232,1,Call,9.74,1.34,-68.02,f,,Steve Enid,660,,
PC,862,WLNP-AQP-7,238277,,-114.025437,49.006545,,,354492,2021-07-29 20:19:00,331357,Transcribed,180s,1SPT,UNKN,Unidentified signal,"",1,2737235,1,Call,150.20,1.53,-67.87,f,,Steve Enid,660,far,
PC,862,WLNP-AQP-7,238277,,-114.025437,49.006545,,,354492,2021-07-29 20:19:00,331357,Transcribed,180s,1SPT,CEDW,Cedar Waxwing,BOMBYCILLA CEDRORUM,2,2737234,1,Song,108.86,3.29,-59.94,f,,Steve Enid,660,,
PC,862,WLNP-AQP-7,238277,,-114.025437,49.006545,,,354556,2021-07-31 04:38:00,331421,Transcribed,180s,1SPT,NONE,NONE,"",,,,,,,,,,Gill Holmes,1269,,
PC,862,WLNP-AQP-7,238277,,-114.025437,49.006545,,,354524,2021-07-31 06:08:00,331389,Transcribed,180s,1SPT,UNPA,Unidentified Passerine,"",1,2707613,1,Call,0.73,3.11,-69.39,f,,Jon Van Arragon,1247,,
PC,862,WLNP-AQP-7,238277,,-114.025437,49.006545,,,354524,2021-07-31 06:08:00,331389,Transcribed,180s,1SPT,SWTH,Swainson's Thrush,CATHARUS USTULATUS,2,2707616,1,Call,100.05,0.73,-51.66,f,,Jon Van Arragon,1247,,
PC,862,WLNP-AQP-7,238277,,-114.025437,49.006545,,,354524,2021-07-31 06:08:00,331389,Transcribed,180s,1SPT,SWTH,Swainson's Thrush,CATHARUS USTULATUS,1,2707614,1,Call,71.29,0.85,-72.37,f,,Jon Van Arragon,1247,,
PC,862,WLNP-AQP-7,238277,,-114.025437,49.006545,,,354524,2021-07-31 06:08:00,331389,Transcribed,180s,1SPT,AMRO,American Robin,TURDUS MIGRATORIUS,1,2707615,1,Call,85.83,0.59,-69.54,f,,Jon Van Arragon,1247,,
PC,862,WLNP-AQP-7,238277,,-114.025437,49.006545,,,354514,2021-08-06 20:07:00,331379,Transcribed,180s,1SPT,RNSA,Red-naped Sapsucker,SPHYRAPICUS NUCHALIS,1,2691636,1,Call,68.69,4.50,-41.23,f,,Gill Holmes,1269,,
